"Product ID","Product Type",Code,Name,Brand,Description,"Taxable Product","Cost Price","Retail Price","Sale Price","Calculated Price","Fixed Shipping Price","Free Shipping",Warranty,Weight,Width,Height,Depth,"Allow Purchases","Product Visible","Product Availability","Product Inventoried","Stock Level","Low Stock Level","Date Added","Date Modified","Category Details",Images,"Page Title","META Keywords","META Description","Product Variations","Product Condition"
1,P,,"iPod Shuffle",Apple,"The world&#8217;s smallest digital music player, the 1GB iPod shuffle lets you wear up to 500 songs on your sleeve. Or your lapel. Or your belt. Clip on iPod shuffle and wear it as a badge of musical devotion.Instant attachment.Clip on the world&#8217;s most wearable music player and take up to 500 songs with you anywhere. Choose from two capacities and five colors &#8212; including four new hues &#8212; to make your musical fashion statement.Random meets rhythm.Mix up your music with a flip of the shuffle switch. Flip it again to play your handpicked playlists and albums in the order you synced them with iTunes.Everything is easy.Charge and sync with the included USB dock. Operate the iPod shuffle controls with one hand. Enjoy up to 12 hours straight of skip-free music playback.Technical DetailsStore up to 500 songsStores data via USB flash driveSkip-free audio playbackUp to 12 hours playtime when fully chargedCharging via included USB dockAutofill from your entire music library for a fresh mix via iTunes software (via download)Autofill from specific playlists via iTunes softwarePlay MP3, AAC and audiobooksThumb-friendly, circular control padClick the center button to play and pause. Click the outer buttons to move back, skip forward, and adjust volumeBuilt-in clip for your sleeve, your lapel, your coin pocket, your backpackFlip the shuffle switch to mix up iPod shuffle's contents",1,0.00,0.00,0.00,49.00,0.00,0,,0.0300,1.6200,1.0700,0.4100,1,1,,0,0,0,12/01/2009,0,"Category Name: Shop iPod, Category Path: Shop iPod","Product Image File: shuffle2__44095.jpg, Product Image URL: https://localhost/interspire554/product_images/sample_images/shuffle2__44095.jpg|Product Image File: shuffle3__06686.jpg, Product Image URL: https://localhost/interspire554/product_images/sample_images/shuffle3__06686.jpg|Product Image File: shuffle_silver__52909.jpg, Product Image URL: https://localhost/interspire554/product_images/sample_images/shuffle_silver__52909.jpg",,,,"Variation Details: Color: Silver, Capacity: 1 GB (240 songs), SKU: SHUFFLE-S-1, Price: 0.0000, Weight: 0.0000, Stock Level: 0, Low Stock Level: 0|Variation Details: Color: Silver, Capacity: 2 GB (500 songs), SKU: SHUFFLE-S-2, Price: +20.0000, Weight: 0.0000, Stock Level: 0, Low Stock Level: 0|Variation Details: Color: Blue, Capacity: 1 GB (240 songs), SKU: SHUFFLE-B-1, Price: 0.0000, Weight: 0.0000, Stock Level: 0, Low Stock Level: 0|Variation Details: Color: Blue, Capacity: 2 GB (500 songs), SKU: SHUFFLE-B-2, Price: +20.0000, Weight: 0.0000, Stock Level: 0, Low Stock Level: 0|Variation Details: Color: Green, Capacity: 1 GB (240 songs), SKU: SHUFFLE-G-1, Price: 0.0000, Weight: 0.0000, Stock Level: 0, Low Stock Level: 0|Variation Details: Color: Green, Capacity: 2 GB (500 songs), SKU: SHUFFLE-G-2, Price: +20.0000, Weight: 0.0000, Stock Level: 0, Low Stock Level: 0|Variation Details: Color: Red, Capacity: 1 GB (240 songs), SKU: SHUFFLE-R-1, Price: 0.0000, Weight: 0.0000, Stock Level: 0, Low Stock Level: 0|Variation Details: Color: Red, Capacity: 2 GB (500 songs), SKU:  SHUFFLE-R-2, Price: +20.0000, Weight: 0.0000, Stock Level: 0, Low Stock Level: 0|Variation Details: Color: Pink, Capacity: 1 GB (240 songs), SKU: SHUFFLE-P-1, Price: 0.0000, Weight: 0.0000, Stock Level: 0, Low Stock Level: 0|Variation Details: Color: Pink, Capacity: 2 GB (500 songs), SKU: SHUFFLE-P-2, Price: +20.0000, Weight: 0.0000, Stock Level: 0, Low Stock Level: 0",New
2,P,,"iPod Nano",Apple,"Colour isn't the only brilliant new iPod Nano feature. For those about to rock, we give you nine amazing colours. But that&#8217;s only part of the story. Feel the curved, all-aluminum and glass design and you won&#8217;t want to put iPod nano down. The accelerometer comes to iPod nano. Give it a shake to shuffle your music. Turn it sideways to view Cover Flow. And play games designed with your moves in mind.Meet a musical Genius.With just a few clicks, the new Genius feature finds the songs on your iPod nano that go great together and makes a Genius Playlist for you.Rock and roll over.Thanks to the built-in accelerometer, you can rotate iPod nano to flip through album art with Cover Flow. Watch movies and TV shows in widescreen. And view photos in either portrait or landscape.Shake to shuffle.Just give iPod nano a shake and it shuffles to a different song in your music library.Curved ahead of the curve.iPod nano now comes in nine vibrant colors and a new curved aluminum and glass design. The crisp, bright picture makes watching movies and TV shows amazing.",1,0.00,0.00,0.00,149.00,0.00,0,,0.0800,1.5000,3.6000,0.2400,1,1,,0,0,0,12/01/2009,0,"Category Name: Shop iPod, Category Path: Shop iPod","Product Image File: nano2__05699.jpg, Product Image URL: https://localhost/interspire554/product_images/sample_images/nano2__05699.jpg|Product Image File: nano3__36479.jpg, Product Image URL: https://localhost/interspire554/product_images/sample_images/nano3__36479.jpg|Product Image File: nano_black__99806.jpg, Product Image URL: https://localhost/interspire554/product_images/sample_images/nano_black__99806.jpg",,,,"Variation Details: Color: Silver, Capacity: 8 GB (2,000 songs), SKU: , Price: 0.0000, Weight: 0.0000, Stock Level: 0, Low Stock Level: 0|Variation Details: Color: Silver, Capacity: 16 GB (4,000 songs), SKU: , Price: +50.0000, Weight: 0.0000, Stock Level: 0, Low Stock Level: 0|Variation Details: Color: Black, Capacity: 8 GB (2,000 songs), SKU: , Price: 0.0000, Weight: 0.0000, Stock Level: 0, Low Stock Level: 0|Variation Details: Color: Black, Capacity: 16 GB (4,000 songs), SKU: , Price: +50.0000, Weight: 0.0000, Stock Level: 0, Low Stock Level: 0|Variation Details: Color: Purple, Capacity: 8 GB (2,000 songs), SKU: , Price: 0.0000, Weight: 0.0000, Stock Level: 0, Low Stock Level: 0|Variation Details: Color: Purple, Capacity: 16 GB (4,000 songs), SKU: , Price: +50.0000, Weight: 0.0000, Stock Level: 0, Low Stock Level: 0|Variation Details: Color: Blue, Capacity: 8 GB (2,000 songs), SKU: , Price: 0.0000, Weight: 0.0000, Stock Level: 0, Low Stock Level: 0|Variation Details: Color: Blue, Capacity: 16 GB (4,000 songs), SKU: , Price: +50.0000, Weight: 0.0000, Stock Level: 0, Low Stock Level: 0|Variation Details: Color: Green, Capacity: 8 GB (2,000 songs), SKU: , Price: 0.0000, Weight: 0.0000, Stock Level: 0, Low Stock Level: 0|Variation Details: Color: Green, Capacity: 16 GB (4,000 songs), SKU: , Price: +50.0000, Weight: 0.0000, Stock Level: 0, Low Stock Level: 0|Variation Details: Color: Yellow, Capacity: 8 GB (2,000 songs), SKU: , Price: 0.0000, Weight: 0.0000, Stock Level: 0, Low Stock Level: 0|Variation Details: Color: Yellow, Capacity: 16 GB (4,000 songs), SKU: , Price: +50.0000, Weight: 0.0000, Stock Level: 0, Low Stock Level: 0|Variation Details: Color: Orange, Capacity: 8 GB (2,000 songs), SKU: , Price: 0.0000, Weight: 0.0000, Stock Level: 0, Low Stock Level: 0|Variation Details: Color: Orange, Capacity: 16 GB (4,000 songs), SKU: , Price: +50.0000, Weight: 0.0000, Stock Level: 0, Low Stock Level: 0|Variation Details: Color: Pink, Capacity: 8 GB (2,000 songs), SKU: , Price: 0.0000, Weight: 0.0000, Stock Level: 0, Low Stock Level: 0|Variation Details: Color: Pink, Capacity: 16 GB (4,000 songs), SKU: , Price: +50.0000, Weight: 0.0000, Stock Level: 0, Low Stock Level: 0",New
3,P,,"iPod Classic",Apple,"With 120GB of storage, iPod classic can hold up to 30,000 songs, 150 hours of video, or 25,000 photos. That&#8217;s more than enough room for a day&#8217;s &#8212; or a lifetime&#8217;s &#8212; worth of entertainment. Available in quintessential silver or striking new black, iPod classic catches your eye with its sleek, all-metal enclosure composed of anodised aluminium and polished stainless steel.Classic beauty.Beautiful, durable, and sleek, iPod classic features an anodized aluminum and polished stainless steel enclosure with rounded edges. Choose quintessential silver or striking new black.A Genius in the house.With just a few clicks, the new Genius feature creates a playlist of tracks in your library that go great together.Enjoy the view.With Cover Flow, you can browse through your music collection by flipping through album art. Select an album to turn it over and see the track list.",1,0.00,0.00,0.00,249.00,0.00,0,,249.0000,2.4000,4.1000,0.4100,1,1,,0,0,0,12/01/2009,0,"Category Name: Shop iPod, Category Path: Shop iPod","Product Image File: product_white_classic__81585.jpg, Product Image URL: https://localhost/interspire554/product_images/sample_images/product_white_classic__81585.jpg",,,,"Variation Details: Color: Silver, SKU: , Price: 0.0000, Weight: 0.0000, Stock Level: 0, Low Stock Level: 0|Variation Details: Color: Black, SKU: , Price: 0.0000, Weight: 0.0000, Stock Level: 0, Low Stock Level: 0",New
4,P,,"iPod Touch",Apple,"With a stunningly thin, contoured stainless steel design, iPod touch feels even better in your hand. And the new volume buttons and built-in speaker give you more to love. Groundbreaking technologies built into iPod touch &#8212; such as the Multi-Touch display, accelerometer, and 3D graphics &#8212; immerse you in the action. The new Genius feature turns iPod touch into a highly intelligent, personal DJ. With a few taps, it creates a playlist by finding songs in your library that go great together.Get your mobile game on.With a built-in speaker and groundbreaking technologies such as the Multi-Touch display, accelerometer, and 3D graphics, iPod touch puts an amazing gaming experience in the palm of your hand.Rock 'n' run with Nike+.iPod touch now includes built-in Nike + iPod support. Just slip the Nike + iPod Sensor (available separately) into your Nike+ shoe and start your run. The sensor communicates wirelessly with your iPod touch, tracking your time, distance, and calories burned. It even gives you voice feedback on your progress.Meet a musical Genius.With just a few taps, the new Genius feature creates a playlist of tracks in your library that go great together.Technical Details8GB, 16GB or 32GB flash drive with Nike + iPod support built inBuilt in speaker3.5-inch (diagonal) widescreen multi-touch displayBuilt-in 802.11b/g wireless networkingUp to 36 hours of audio playback or 6 hours of video playback",1,0.00,0.00,0.00,229.00,0.00,0,,0.2500,2.4000,4.1000,0.3000,1,1,,0,0,0,12/01/2009,0,"Category Name: Shop iPod, Category Path: Shop iPod","Product Image File: touch2__02925.jpg, Product Image URL: https://localhost/interspire554/product_images/sample_images/touch2__02925.jpg|Product Image File: touch1__19419.jpg, Product Image URL: https://localhost/interspire554/product_images/sample_images/touch1__19419.jpg",,,,"Variation Details: Capacity: 8 GB (1,750 songs), SKU: , Price: 229.0000, Weight: 0.0000, Stock Level: 0, Low Stock Level: 0|Variation Details: Capacity: 16 GB (3,500 songs), SKU: , Price: 299.0000, Weight: 0.0000, Stock Level: 0, Low Stock Level: 0|Variation Details: Capacity: 32 GB (7,000 songs), SKU: , Price: 399.0000, Weight: 0.0000, Stock Level: 0, Low Stock Level: 0",New
5,P,,MacBook,Apple,"Redesigned with a precision unibody enclosure crafted from a single block of aluminum, the MacBook is thinner and lighter than its predecessor as well as stronger and more durable. But Apple didn't stop innovating with the body's design. The MacBook also includes a new 13.3-inch, LED-backlit glass display (instead of an LCD panel) and a glass trackpad that doesn't include a button (for larger tracking area) and features includes Apple's Multi-Touch technology.LED-backlit display.The ultrathin 1280-by-800-pixel LED-backlit display shows off your digital media perfectly. And it's as easy on the environment as it is on the eyes: The gorgeous glass and aluminum enclosure is arsenic- and mercury-free, and LED technology makes it more power efficient.Advanced NVIDIA integrated graphics.Experience the most powerful MacBook graphics ever. With a new NVIDIA GeForce 9400M processor, the new MacBook delivers up to 5x more graphics performance, so you can immerse yourself in lifelike 3D games.Multi-Touch trackpad.Multi-Touch comes to MacBook. The smooth, spacious glass trackpad is designed to give you more room for your fingers &#8212; and more functionality with Multi-Touch gestures. And since the entire trackpad doubles as the button, you can comfortably click anywhere.Technical DetailsStrong aluminum unibody frame and 13.3-inch LED-backlit glass displayNew glass trackpad with 40 percent more tracking area and supports more Multi-Touch gestures2 GB RAM (4 GB max), DVD/CD SuperDriveIntegraed NVIDIA graphics (with 256 MB shared memory); Draft-N Wi-Fi; Bluetooth 2.1; Gigabit Ethernet; Mini DisplayPort video outputPreloaded with Mac OS X 10.5 Leopard operating system and iLife '08 suite of applications",1,0.00,0.00,0.00,1299.00,0.00,0,,4.5000,12.7800,0.9000,8.9400,1,1,,0,0,0,12/01/2009,0,"Category Name: Shop Mac, Category Path: Shop Mac","Product Image File: macbook2__34944.jpg, Product Image URL: https://localhost/interspire554/product_images/sample_images/macbook2__34944.jpg|Product Image File: macbook3__62330.jpg, Product Image URL: https://localhost/interspire554/product_images/sample_images/macbook3__62330.jpg|Product Image File: macbook__69047.jpg, Product Image URL: https://localhost/interspire554/product_images/sample_images/macbook__69047.jpg",,,,"Variation Details: Model: 2.0 Ghz, 160 GB hard drive, SKU: , Price: 0.0000, Weight: 0.0000, Stock Level: 0, Low Stock Level: 0|Variation Details: Model: 2.4 Ghz, 250 GB hard drive, SKU: , Price: 1599.0000, Weight: 0.0000, Stock Level: 0, Low Stock Level: 0",New
6,P,,"MacBook Pro",Apple,"Redesigned with a precision unibody enclosure crafted from a single block of aluminum, the MacBook Pro is thinner and lighter than its predecessor as well as stronger and more durable. But Apple didn't stop innovating with the body's design. The MacBook Pro also includes a new 15-inch, LED-backlit glass display (instead of an LCD panel) and a glass trackpad that doesn't include a button (for larger tracking area) and features includes Apple's Multi-Touch technology.LED-backlit widescreen display.Seamless glass and instant full screen brightness make your brilliant ideas flat-out spectacular. The 17-inch model goes further, offering a high-resolution display with a 60 percent greater color gamut.Smooth glass Multi-Touch trackpad.Now the entire trackpad is also the button, so it's clickable everywhere. And it offers even more Multi-Touch gestures and functionality.High-performance NVIDIA graphics.MacBook Pro features two NVIDIA graphics processors &#8212; one discrete and one integrated &#8212; to help you get the most out of your applications.Breakthrough battery performance.Get up to 8 hours of wireless productivity on a single charge with the revolutionary built-in battery on the new 17-inch MacBook Pro. Or stay productive for up to 5 hours with the 15-inch model.Technical DetailsThin, strong aluminum unibody frame and 15-inch LED-backlit glass displayNew glass trackpad with 40 percent more tracking area and supports more Multi-Touch gestures2 GB DDR3 RAM (4 GB max), DVD/CD SuperDriveDual NVIDIA graphics (integrated and discrete); Draft-N Wi-Fi; Bluetooth 2.1; Gigabit Ethernet; Mini DisplayPort video outputPreloaded with Mac OS X 10.5 Leopard operating system and iLife '08 suite of applications",1,0.00,0.00,0.00,1999.00,0.00,0,,5.5000,14.3500,0.9500,9.8200,1,1,,0,0,0,12/01/2009,0,"Category Name: Shop Mac, Category Path: Shop Mac","Product Image File: mbp2__50906.jpg, Product Image URL: https://localhost/interspire554/product_images/sample_images/mbp2__50906.jpg|Product Image File: mbp3__81231.jpg, Product Image URL: https://localhost/interspire554/product_images/sample_images/mbp3__81231.jpg|Product Image File: mbp1__99760.jpg, Product Image URL: https://localhost/interspire554/product_images/sample_images/mbp1__99760.jpg",,,,"Variation Details: Model: 15"", 2.4 Ghz, 250 GB hard drive, 256 MB video, SKU: , Price: 0.0000, Weight: 0.0000, Stock Level: 0, Low Stock Level: 0|Variation Details: Model: 15"", 2.53 Ghz, 320 GB hard drive, 512 MB video, SKU: , Price: 2499.0000, Weight: 0.0000, Stock Level: 0, Low Stock Level: 0|Variation Details: Model: 17"", 2.66 Ghz, 320 GB hard drive, 512 MB video, SKU: , Price: 2799.0000, Weight: 0.0000, Stock Level: 0, Low Stock Level: 0",New
7,P,,"MacBook Air",Apple,"With the MacBook Air, Apple has created the world's thinnest laptop--measuring an unprecedented 0.16-inches at its thinnest point (and 0.76 inches thick overall). Apple brings its vaunted multi-touch technology, found on the iPhone, to its laptops with the MacBook Air, enabling you to pinch, swipe, or rotate to zoom in on text, advance through a photo album, or adjust an image via the oversized trackpad. And the MacBook Air embodies Apple's continuing environmental progress with its aluminum enclosure, a material highly desired by recyclers; Apple's first mercury-free LCD display with arsenic-free glass; and brominated flame retardant-free material for the majority of circuit boards as well as PVC-free internal cables.Flat-out stunningFrom 0.16 to 0.76 inch thin and weighing only 3.0 pounds, MacBook Air sets new standards for ultraportable computing &#8212; without the usual ultraportable compromises.Faster Intel mobile architectureWith speeds up to 1.86GHz, the Intel Core 2 Duo processor in the new MacBook Air offers 50 percent more L2 cache, faster DDR3 memory, and a faster frontside bus than the previous model.The genius of Multi-TouchThe MacBook Air trackpad adopts many of the innovative Multi-Touch gestures of the Apple iPhone, so you can pinch, swipe, or rotate by simply moving your fingers.Up to 4x more graphics performanceWith the NVIDIA GeForce 9400M integrated graphics, the new MacBook Air offers smooth video playback, a great ultraportable gaming experience, and support for the new 24-inch Apple LED Cinema Display as well as the 30-inch Apple Cinema HD Display.",1,0.00,0.00,0.00,1799.00,0.00,0,,3.0000,12.8000,0.7600,8.9400,1,1,,0,0,0,12/01/2009,0,"Category Name: Shop Mac, Category Path: Shop Mac","Product Image File: mba2__08931.jpg, Product Image URL: https://localhost/interspire554/product_images/sample_images/mba2__08931.jpg|Product Image File: mba3__58749.jpg, Product Image URL: https://localhost/interspire554/product_images/sample_images/mba3__58749.jpg|Product Image File: mba1__75804.jpg, Product Image URL: https://localhost/interspire554/product_images/sample_images/mba1__75804.jpg",,,,"Variation Details: Model: 1.6 Ghz, 120 GB SATA hard drive, SKU: , Price: 0.0000, Weight: 0.0000, Stock Level: 0, Low Stock Level: 0|Variation Details: Model: 1.86 Ghz, 128 GB SSD hard drive, SKU: , Price: 2499.0000, Weight: 0.0000, Stock Level: 0, Low Stock Level: 0",New
8,P,,"Elgato EyeTV DTT Deluxe",Elgato,"EyeTV DTT Deluxe is an extraordinarily powerful miniature TV tuner that delivers digital terrestrial television (DVB-T, also known as DTT or Freeview) to your Mac. Exceptionally small and beautifully designed, EyeTV DTT Deluxe slips easily into the USB port of any Mac without blocking other devices. EyeTV DTT Deluxe comes with an EyeTV Remote and offers a variety of options for aerial reception. These options vary from a miniature telescopic aerial, a portable rod aerial with a tilt/swivel magnetic base and detachable suction cup, and an adapter to connect EyeTV DTT Deluxe to a rooftop aerial if necessary.FeaturesReceives digital TV (DVB-T, or Freeview)Miniature USB stick; does not cover any other ports, even on a MacBook AirTwo types of aerial included plus unique IEC-MCX adapter cableComes with an EyeTV RemoteSuperb Television ReceptionDespite its extraordinary size, EyeTV DTT Deluxe is a powerful TV tuner that delivers full-size, crystal-clear reception and uncompromising quality. In areas in which HDTV is broadcast, enjoy watching stunning 720p or 1080i HDTV (MPEG-2 as well as H.264/AVC) on your Mac.",1,0.00,0.00,0.00,199.95,0.00,0,,0.0000,0.0000,0.0000,0.0000,1,1,,0,0,0,12/01/2009,0,"Category Name: Video Devices, Category Path: Shop Mac/Video Devices","Product Image File: eyetvdtt__37033.jpg, Product Image URL: https://localhost/interspire554/product_images/sample_images/eyetvdtt__37033.jpg",,,,,New
9,P,,"Elgato EyeTV 250 Plus Digital TV Recorder",Elgato,"EyeTV 250 Plus is a hybrid TV tuner for the Mac with a powerful hardware encoder for higher-quality recordings and smaller- sized video files. EyeTV 250 Plus receives both free over-the-air HDTV as well as analog TV, and offers a complete solution for moving your video collection from VHS tape to DVD-Video. Watch live TV on your MacPause the TV show while you get a snack, rewind and watch that great play again, or fast forward past the advertisements. Scale the TV window down so you can watch TV while you surf the web, or go ""Full Screen"" and channel surf from the couch using an EyeTV or Apple Remote. Organize channelsEyeTV provides detailed information about each television channel. Drag and drop the ones you watch most frequently into a ""favorites"" list, or go a step further and organize your sports, news, or movie channels into their own lists. Record your favorite showsHit the record button now or cruise through the Program Guide and pick the shows you want to record up to two weeks in advance. You can even set up recordings over the Internet while you're away from home (tvtv/TitanTV/IceTV account required). Fans of radio programming, take note: EyeTV also enables you to record and edit DVB radio.Features Watch TV on your MacRewind, fast forward, and pause live HDTVBrowse EyeTV menus in Full Screen mode with an Apple RemoteRecord hours of your favorite TV shows directly on your hard drive and edit out unwanted contentFind TV shows and schedule recordings using the built-in Program Guide from TitanTV (in the U.S.)Export clips and entire episodes to your video-capable iPod, Apple TV, and iPhoneStore your collection on an external drive, or burn it to disc using Roxio Toast 8 Basic (included)Convert old videotapes to digital files using the VHS AssistantEnjoy progressive scan for excellent picture quality and Dolby Digital",1,0.00,0.00,0.00,429.95,0.00,0,,0.0000,0.0000,0.0000,0.0000,1,1,,0,0,0,12/01/2009,0,"Category Name: Video Devices, Category Path: Shop Mac/Video Devices","Product Image File: eye250__84327.jpg, Product Image URL: https://localhost/interspire554/product_images/sample_images/eye250__84327.jpg",,,,,New
10,P,OFFICE08-H&S,"Office for Mac 2008 - Home and Student",Microsoft,"Your presentation will make an impact. Your documents will be professional. Your analysis will be insightful. And Office 2008 will be there.The latest version of the industry standard for productivity software on the Macintosh platform. Microsoft® Office 2008 for Mac is more powerful and easier to use. Office 2008 combines Microsoft Word for Mac, Microsoft Power-Point® for Mac, Microsoft Excel® for Mac, Microsoft Entourage® for Mac, and Microsoft Messenger for Mac and lets you easily create high-impact documents and seamlessly share your ideas with others, whether they are on the Mac or Windows® platform.Word 2008Powerful new tools, more than 100 designer templates, rich themes, and an intuitive user interface will help you make your ideas look as good as they are.Excel 2008It's a numbers game. With Excel 2008, analyze, share, and manage your data, and easily create persuasive charts and thought-provoking graphs for powerful results.PowerPoint 2008Your presentation is a story that PowerPoint will illustrate exquisitely. Its compelling visuals and engaging layouts will inspire your audience's imagination.Entourage 2008Your emails will spark ideas, you'll schedule meetings where creativity abounds. Entourage 2008, the hub of Office 2008, helps it to happen, one task at a time.",1,0.00,0.00,0.00,229.00,0.00,0,,0.0000,0.0000,0.0000,0.0000,1,1,,0,0,0,12/01/2009,0,"Category Name: Software, Category Path: Shop Mac/Software","Product Image File: office_student__35938.jpg, Product Image URL: https://localhost/interspire554/product_images/sample_images/office_student__35938.jpg",,,,,New
11,P,,"Office 2008 for Mac - Special Media Edition",Microsoft,"Your presentation will make an impact. Your documents will be professional. Your analysis will be insightful. And Office 2008 will be there.The latest version of the industry standard for productivity software on the Macintosh platform. Microsoft® Office 2008 for Mac is more powerful and easier to use. Office 2008 combines Microsoft Word for Mac, Microsoft Power-Point® for Mac, Microsoft Excel® for Mac, Microsoft Entourage® for Mac, and Microsoft Messenger for Mac and lets you easily create high-impact documents and seamlessly share your ideas with others, whether they are on the Mac or Windows® platform.Microsoft Expression MediaDrag-and-drop digital asset management, batch conversion and tagging, even built-in archiving and backup capabilities help you manage more than 100,000 files and hundreds of format types across multiple storage devices.Word 2008Powerful new tools, more than 100 designer templates, rich themes, and an intuitive user interface will help you make your ideas look as good as they are.Excel 2008It's a numbers game. With Excel 2008, analyze, share, and manage your data, and easily create persuasive charts and thought-provoking graphs for powerful results.PowerPoint 2008Your presentation is a story that PowerPoint will illustrate exquisitely. Its compelling visuals and engaging layouts will inspire your audience's imagination.Entourage 2008Your emails will spark ideas, you'll schedule meetings where creativity abounds. Entourage 2008, the hub of Office 2008, helps it to happen, one task at a time.",1,0.00,0.00,0.00,499.95,0.00,0,,0.0000,0.0000,0.0000,0.0000,1,1,,0,0,0,12/01/2009,0,"Category Name: Software, Category Path: Shop Mac/Software","Product Image File: office_media__14689.jpg, Product Image URL: https://localhost/interspire554/product_images/sample_images/office_media__14689.jpg",,,,,New
12,P,IWORK09,"iWork 09",Apple,"iWork, Apple's productivity suite, is the easiest way to create great-looking documents, spreadsheets, and presentations. Writing and page layout are easy using Pages. Numbers gives you simple ways to make sense of your data. New cinematic animations, transitions, and effects in Keynote will keep your audience captivated. And iWork is compatible with Microsoft Office, so sharing your work is even easier.Compatibility and SharingiWork '09 makes it easy to exchange documents with anyone.Open Microsoft Word, Excel, and PowerPoint files in iWork.Save your iWork document as a Word, Excel, or PowerPoint file.Email your document as an iWork, Office, or PDF file from within iWork.Share your work on iWork.com, Apple's new document-sharing service, now available as a Public Beta. (Apple ID and email account required to publish documents and use the publisher link.)",1,0.00,0.00,0.00,79.00,0.00,0,,0.0000,0.0000,0.0000,0.0000,1,1,,0,0,0,12/01/2009,0,"Category Name: Software, Category Path: Shop Mac/Software","Product Image File: iwork__86080.jpg, Product Image URL: https://localhost/interspire554/product_images/sample_images/iwork__86080.jpg",,,,,New
13,P,ILIFE09,"iLife 09",Apple,"Upgrade to iLife &#8217;09 and get the most out of the photos, movies, and music on your Mac with the latest versions of iPhoto, iMovie, GarageBand, iWeb, and iDVD. Organize and search your photos by faces and places. Make a movie in minutes or edit with precision. Learn to play piano and guitar or record your own music. Create a stunning website and publish it anywhere.",1,0.00,0.00,0.00,79.00,0.00,0,,0.0000,0.0000,0.0000,0.0000,1,1,,0,0,0,12/01/2009,0,"Category Name: Software, Category Path: Shop Mac/Software","Product Image File: ilife__42951.jpg, Product Image URL: https://localhost/interspire554/product_images/sample_images/ilife__42951.jpg",,,,,New
14,P,MIGHTYMOUSE,"Apple Mighty Mouse",Apple,"It's the wired mouse that reinvents the wheel &mdash; the scroll wheel. Mighty Mouse features the amazing Scroll Ball that lets you move anywhere inside a document, literally without lifting a finger. And with touch-sensitive technology concealed under the seamless top shell, you can choose either the versatility of a four-button mouse or the simplicity of a single-button beauty.Innovative Scroll Ball and buttonPerfectly positioned to roll smoothly under just one finger, Mighty Mouse's Scroll Ball offers full 360-degree scrolling capability &#8212; up/down, left/right and diagonally. You can scroll long web pages, pan full-size images, maneuver around large spreadsheets, control a video timeline and more. And you can even click the Scroll Ball to access your favorite Tiger features such as Dashboard, Spotlight or Exposé.Touch-sensitive top shellIt looks and feels like a sleek one-button mouse, but Mighty Mouse's smooth top shell hides a powerful secret: touch-sensitive technology under the shell detects which part of the mouse you're clicking, so you can both left-click and right-click. And if you prefer the simplicity of a classic one-button mouse, Mighty Mouse is up to the task. Just use the Mac OS X system preference pane to configure it how you want.Force-sensing side buttonsWhen you give Mighty Mouse a squeeze, force-sensing side buttons can be configured to activate Mac OS X features such as Dashboard, Exposé or a whole host of other customizable features.",1,0.00,0.00,0.00,69.00,0.00,0,,0.0000,0.0000,0.0000,0.0000,1,1,,0,0,0,12/01/2009,0,"Category Name: Accessories, Category Path: Shop Mac/Accessories","Product Image File: mighty__40520.jpg, Product Image URL: https://localhost/interspire554/product_images/sample_images/mighty__40520.jpg",,,,,New
15,P,WIRELESS-MIGHTY,"Apple Wireless Mighty Mouse",Apple,"Now you can get the world-famous Mighty Mouse without the tail. With its Bluetooth technology, the wireless Mighty Mouse gives you complete freedom of movement with no cable clutter. It features the popular Scroll Ball that lets you move anywhere inside a document, without lifting a finger. And its laser tracking technology allows it to work on more surfaces with greater precision.Bluetooth technology, ultimate portabilityWith its secure, reliable Bluetooth technology, wireless Mighty Mouse goes wherever you do. Pair it with any Bluetooth-enabled Mac to work untethered and uncluttered at your desk or on the go, and it operates with either one or two AA batteries &#8212; no bulky dock required.Laser tracking engineThe wireless Mighty Mouse features a laser tracking engine that's up to 20 times more sensitive to surface details than traditional optical technology. That means it can track with precision on more surfaces than ever &#8212; even smooth or polished surfaces &#8212; with no mouse pad required.Innovative Scroll Ball and buttonPerfectly positioned to roll smoothly under just one finger, Mighty Mouse's Scroll Ball offers full 360-degree scrolling capability &#8212; up/down, left/right and diagonally. You can scroll long web pages, pan full-size images, maneuver around large spreadsheets, control a video timeline and more. And you can even click the Scroll Ball to access your favorite Mac OS X features such as Dashboard, Spotlight or Exposé.Touch-sensitive top shellIt looks and feels like a sleek one-button mouse, but Mighty Mouse's smooth top shell hides a powerful secret: touch-sensitive technology under the shell detects which part of the mouse you're clicking, so you can both left-click and right-click. And if you prefer the simplicity of a classic one-button mouse, Mighty Mouse is up to the task. Just use the Mac OS X system preference pane to configure it how you want.Force-sensing side buttonsWhen you give Mighty Mouse a squeeze, force-sensing side buttons can be configured to activate Mac OS X features such as Dashboard, Exposé or a whole host of other customizable features.",1,0.00,0.00,0.00,99.00,0.00,0,,0.0000,0.0000,0.0000,0.0000,1,1,,0,0,0,12/01/2009,0,"Category Name: Accessories, Category Path: Shop Mac/Accessories","Product Image File: wirelessm__74223.jpg, Product Image URL: https://localhost/interspire554/product_images/sample_images/wirelessm__74223.jpg",,,,,New
16,P,LOGITECH-NANO,"Logitech VX Nano Cordless Laser Mouse",Logitech,"Simplify life on the road with the Logitech VX Nano Cordless Laser Mouse. It's always ready for use, thanks to one of the world's smallest USB receivers. Plug it into your notebook's USB port just once, then forget about it. No more broken or lost receivers and no more hassles.FeaturesPlug-and-forget nano-receiver that's barely larger than a coinRobust wireless connection with advanced 2.4 GHz cordless technologyAlways ready, since you can leave the nano-receiver plugged into your notebook all the timeStylish pouch to protect your mouse when it's not in useLonger battery life--up to 6 months of use (or longer with the convenient on/off switch)Slim, ultra-portable mouse design that slips easily into your notebook bagStorable receiver fits inside the mouse when you need to free up a USB port; shuts down when stored to save battery lifeHyper-fast scrolling with the nearly frictionless scroll wheelForward/backward buttons for effortless Internet navigationFive programmable buttons for customized mouse controlsSmoother cursor control on virtually any surface",1,0.00,0.00,0.00,69.96,0.00,0,,0.0000,0.0000,0.0000,0.0000,1,1,,0,0,0,12/01/2009,0,"Category Name: Accessories, Category Path: Shop Mac/Accessories","Product Image File: loginano__12692.jpg, Product Image URL: https://localhost/interspire554/product_images/sample_images/loginano__12692.jpg",,,,,New
17,P,WIRELESS-KEYBOARD,"Apple Wireless Keyboard",Apple,"The Apple Wireless Keyboard has been completely redesigned, inside and out. It features an elegant, ultra-thin anodized aluminum enclosure with low-profile keys that provide crisp, responsive feel. It also has function keys for one-touch access to a variety of Mac features such as screen brightness, volume, eject, play/pause, fast-forward and rewind, Expose, and Dashboard. Its compact design fits on your lap or on even the most crowded desk. And its Bluetooth wireless technology lets you use it just about anywhere within 30 feet of your Mac.The keyboard automatically powers down when you're not using it and turns on instantly as soon as you start typing. This intelligent power management means you'll get up to nine months of battery life based on average usage patterns. It also has an on/off switch for when you're away from your computer for a long time.",1,0.00,0.00,0.00,79.00,0.00,0,,0.0000,0.0000,0.0000,0.0000,1,1,,0,0,0,12/01/2009,0,"Category Name: Accessories, Category Path: Shop Mac/Accessories","Product Image File: wireless_1_20070813new__42329.jpg, Product Image URL: https://localhost/interspire554/product_images/sample_images/wireless_1_20070813new__42329.jpg",,,,,New
18,P,CRUMPLER-EMB,"Crumpler Considerable Embarrassment Bag",Crumpler,"With a roomy unpadded cargo compartment and a padded sleeve that accommodates MacBook or 15-inch MacBook Pro notebooks, the Crumpler Considerable Embarrassment gives you the best of both worlds.FeaturesPadded notebook compartment with six-pocket organizerExternal zip pocketThree internal front pocketsAdjustable shoulder strap with padClip and velcro release flapFits 15-in. MacBook Pro and 13-in. MacBook models",1,0.00,0.00,0.00,89.95,0.00,0,,0.0000,0.0000,0.0000,0.0000,1,1,,0,0,0,12/01/2009,0,"Category Name: Notebook Cases, Category Path: Shop Mac/Notebook Cases","Product Image File: crumpler2__94136.jpg, Product Image URL: https://localhost/interspire554/product_images/sample_images/crumpler2__94136.jpg|Product Image File: crumpler1__37065.jpg, Product Image URL: https://localhost/interspire554/product_images/sample_images/crumpler1__37065.jpg",,,,,New
19,P,,"Higher Ground Shuttle for 13-inch Notebooks","Higher Ground","Small in size and big on protection, the Higher Ground Shuttle lets you use your notebook while it's still in the case--for the ultimate in convenience. For the most in comfort, the Shuttle's cooldeck provides non-slip riser pads that facilitate airflow so your lap and your computer stay cooler. And if you'd like the freedom of carrying the Shuttle on your back, you can get the optional lightweight mesh backpack strap attachment--in addition to the single shoulder strap that's included. Features Full-time protection since your notebook never has to leave its caseCooldeck for computer heat dissipationSingle shoulder strap (backpack option available)Convenient for use on your lap or desktop surfaceRigid frame and shock-absorbing foam padding throughoutReinforcement at all stress pointsConstructed of the finest expedition grade fabricsHeavy waterproof coating on all fabricsShields your lap from excessive heat buildup",1,0.00,0.00,0.00,39.95,0.00,0,,0.0000,0.0000,0.0000,0.0000,1,1,,0,0,0,12/01/2009,0,"Category Name: Notebook Cases, Category Path: Shop Mac/Notebook Cases","Product Image File: higher__70104.jpg, Product Image URL: https://localhost/interspire554/product_images/sample_images/higher__70104.jpg",,,,,New
20,P,SPEC-13-B,"Speck 13-inch SeeThru Satin Case",Speck,"Give your aluminum MacBook a smooth yet easily gripped semi-translucent frosted finish that effortlessly slips in and out of your bag. The SeeThru Satin case also ensures access to all your important plugs and drives while protecting your precious investment.FeaturesSilky-smooth soft-touch hard shell protectionProtection from scrapes and scratchesSmooth yet grippy rubberized exterior textureEnsures full range of motion for MacBook displayFull venting for safe heat disbursementAccess to all ports, battery check button, and CD/DVD driveEasy installation and removalBuilt-in rubberized feet for stability on flat surfacesSoft cleaning clothFits the aluminum 13-inch MacBook",1,0.00,0.00,0.00,49.95,0.00,0,,0.0000,0.0000,0.0000,0.0000,1,1,,0,0,0,12/01/2009,0,"Category Name: Notebook Cases, Category Path: Shop Mac/Notebook Cases","Product Image File: 20.gif, Product Image URL: https://localhost/interspire554/product_images/20.gif|Product Image File: 20.gif, Product Image URL: https://localhost/interspire554/product_images/20.gif|Product Image File: 20__24409.gif, Product Image URL: https://localhost/interspire554/product_images/a/369/20__24409.gif|Product Image File: 20__96296.gif, Product Image URL: https://localhost/interspire554/product_images/e/805/20__96296.gif|Product Image File: 20__09161.gif, Product Image URL: https://localhost/interspire554/product_images/g/663/20__09161.gif|Product Image File: 20__30284.gif, Product Image URL: https://localhost/interspire554/product_images/n/445/20__30284.gif|Product Image File: 20__35874.gif, Product Image URL: https://localhost/interspire554/product_images/f/739/20__35874.gif|Product Image File: 20__26660.gif, Product Image URL: https://localhost/interspire554/product_images/k/484/20__26660.gif|Product Image File: 20__42834.gif, Product Image URL: https://localhost/interspire554/product_images/e/355/20__42834.gif|Product Image File: speck__64014.jpg, Product Image URL: https://localhost/interspire554/product_images/sample_images/speck__64014.jpg",,,,,New
21,P,BOOQ-MAMBO,"booq Mamba Saddle",booq,"With its boldly-colored interior and elegant exterior, its zippered accessory pouch for small items, and its impeccable finish and convenient pocket layout, the Mamba Saddle is the ideal bag for your life and your life at work.The Mamba Saddle also includes booq's Terralinq service, which may help reunite you with your bag if it's ever lost. To make this possible, each booq bag carries a unique item number on a metal label. When you register that number it creates a link with your identity. Then if your bag is reported as lost and found, Terralinq will attempt to contact you with its location and the finder's contact information.",1,0.00,0.00,0.00,124.95,0.00,0,,0.0000,0.0000,0.0000,0.0000,1,1,,0,0,0,12/01/2009,0,"Category Name: Notebook Cases, Category Path: Shop Mac/Notebook Cases","Product Image File: 21.jpg, Product Image URL: https://localhost/interspire554/product_images/21.jpg|Product Image File: 21.jpg, Product Image URL: https://localhost/interspire554/product_images/21.jpg|Product Image File: 21__63877.jpg, Product Image URL: https://localhost/interspire554/product_images/v/521/21__63877.jpg|Product Image File: 21__32691.jpg, Product Image URL: https://localhost/interspire554/product_images/k/336/21__32691.jpg|Product Image File: 21__76792.jpg, Product Image URL: https://localhost/interspire554/product_images/s/311/21__76792.jpg|Product Image File: 21__32494.jpg, Product Image URL: https://localhost/interspire554/product_images/j/608/21__32494.jpg|Product Image File: 21__94640.jpg, Product Image URL: https://localhost/interspire554/product_images/m/920/21__94640.jpg|Product Image File: 21__76248.jpg, Product Image URL: https://localhost/interspire554/product_images/s/447/21__76248.jpg|Product Image File: 21__42993.jpg, Product Image URL: https://localhost/interspire554/product_images/m/302/21__42993.jpg|Product Image File: booq__77711.jpg, Product Image URL: https://localhost/interspire554/product_images/sample_images/booq__77711.jpg",,,,,New
22,P,PUREFI,"Logitech Pure-Fi Anywhere Speakers",Logitech,"The Pure-Fi Anywhere speaker system uses a unique combination of speaker drivers to deliver clear sound with maximum bass and minimal distortion. Its compact size and long battery life make it the ideal companion to your iPod or iPhone.FeaturesAdvanced acoustics for exceptionally clear soundThree-inch pressure drivers to maximize bass responseStereXL technology widens the stereo image dramaticallyTen-hour rechargeable battery for longer listeningBattery-level indicator eliminates surprisesTravel case to protect and store speakers.iPhone or iPod charged whenever it's dockedWireless remote to control your iPod or iPhone and browse content",1,0.00,0.00,0.00,129.95,0.00,0,,1.6000,13.2000,3.6000,1.5000,1,1,,0,0,0,12/01/2009,0,"Category Name: Accessories, Category Path: Shop iPhone/Accessories|Category Name: Accessories, Category Path: Shop iPod/Accessories","Product Image File: logitechpure__15425.jpg, Product Image URL: https://localhost/interspire554/product_images/sample_images/logitechpure__15425.jpg",,,,,New
23,P,APPLE-INEAR,"Apple In-Ear Headphones with Remote and Mic",Apple,"Hear every detail of your music every time you tune in with the Apple In-Ear Headphones with Remote and Mic. They offer pro audio performance and impressive sound isolation, and convenient buttons let you adjust the volume and control music and video playback.Rediscover your music.Put on the Apple In-Ear Headphones, select your favorite track, and hear musical details you never knew existed. It's almost like you're experiencing your music for the first time.Technical Specifications Frequency response: 5Hz to 21kHz Impedance (at 100Hz): 23 ohms Sensitivity (at 100Hz): 109 dB SPL/mW Drivers: Custom two-way balanced armature (woofer and tweeter in each earpiece) ",1,0.00,0.00,0.00,79.00,0.00,0,,0.0000,0.0000,0.0000,0.0000,1,1,,0,0,0,12/01/2009,26/08/2010,"Category Name: Accessories, Category Path: Shop iPhone/Accessories|Category Name: Accessories, Category Path: Shop iPod/Accessories","Product Image File: earphones2__31595.jpg, Product Image URL: https://localhost/interspire554/product_images/sample_images/earphones2__31595.jpg|Product Image File: earphones1__69201.jpg, Product Image URL: https://localhost/interspire554/product_images/sample_images/earphones1__69201.jpg",,,,,New
24,P,IPOD-SOCKS,"Apple iPod Socks",Apple,"So add a dash of color to your iPod with iPod Socks, the year's coziest and most vibrant iPod accessory.It doesn't matter which iPod model you have because iPod Socks fit all of them. And it doesn't matter what your mood is because each iPod Socks package includes six bright colors so you can pick the one that feels best.Forgive us if we're stating the obvious, but here's how it works: Just slide your iPod into the sock to keep it safe and warm. Slide it out to dock or change playlists. It's as easy as... putting on a pair of socks.",1,0.00,0.00,0.00,29.00,0.00,0,,0.0000,0.0000,0.0000,0.0000,1,1,,0,0,0,12/01/2009,0,"Category Name: Accessories, Category Path: Shop iPod/Accessories","Product Image File: ipodsocks__25675.jpg, Product Image URL: https://localhost/interspire554/product_images/sample_images/ipodsocks__25675.jpg",,,,,New
25,P,INCASE-NANO,"Incase Sports Armband for iPod Nano",Incase,"Constructed out of lightweight, washable neoprene and reflective materials, the adjustable Incase Sports Armband is the functional and secure way to carry your iPod nano during your run or workout. The heavy-duty velcro adjustment provides for a universal fit while the clear cover allows convenient access to widescreen and touch controls.FeaturesComplete protection for iPod nano Form-fitting, washable neoprene construction Reflective material for enhanced visibilityVelcro adjustment for universal fitEasy access to headphone jack, hold switch, and dock connectorCustom fit for iPod nano (4th. Gen.)",1,0.00,0.00,0.00,29.95,0.00,0,,0.0000,0.0000,0.0000,0.0000,1,1,,0,0,0,12/01/2009,0,"Category Name: Accessories, Category Path: Shop iPod/Accessories","Product Image File: incase__21230.jpg, Product Image URL: https://localhost/interspire554/product_images/sample_images/incase__21230.jpg",,,,,New
26,P,SPECK-IPHONE,"Speck PixelSkin Case for iPhone 3G",Speck,"Fun color and soft, tiled textures make the Speck PixelSkin case the ideal way to protect your iPhone 3G. This durable, rubberized case helps you keep your grip on your iPhone and fully protects against bumps and scrapes without adding bulk. Plus, PixelSkin layers on style and not frustration with complete access to all ports and controls while cased.FeaturesSoft matte-finish provides comfort and extra gripTiled textured surfaces enhance contrast and add characterLightweight, durable design protects without adding bulkFront raised ridges recess your screen to protect it when placed face downComplete access to all ports, controls, and sensors while cased",1,0.00,0.00,0.00,24.95,0.00,0,,0.0000,0.0000,0.0000,0.0000,1,1,,0,0,0,12/01/2009,0,"Category Name: Accessories, Category Path: Shop iPhone/Accessories","Product Image File: speckpi__55102.jpg, Product Image URL: https://localhost/interspire554/product_images/sample_images/speckpi__55102.jpg",,,,,New
27,P,APPLE-BLUE,"Apple iPhone Bluetooth Headset",Apple,"Enjoy wireless convenience and crystal-clear audio when talking on your iPhone. The iPhone Bluetooth Headset features a single button that lets you make and receive phone calls simply and intuitively. And the innovative design is sure to turn a few heads.Features Up to 5.5 hours of talk time; up to 72 hours of standby time* Lightweight earpiece for a secure, comfortable fit in left or right ear Convenient autopairing with iPhone Stylish anodized aluminum casing ",1,0.00,0.00,0.00,99.00,0.00,0,,0.0000,0.0000,0.0000,0.0000,1,1,,0,0,0,12/01/2009,23/06/2011,"Category Name: Accessories, Category Path: Shop iPhone/Accessories","Product Image File: bluetooth__14435.jpg, Product Image URL: https://localhost/interspire554/product_images/sample_images/bluetooth__14435.jpg",,,,,New
28,P,MAC-PRO,"Mac Pro",Apple,"Boost your productivity with the Apple Mac Pro desktop PC - the fastest Mac Apple has ever made. Combining two of Intel's new 64-bit, 45-nanometer Quad-Core Xeon 5400 processors running at 2.8 GHz, the Mac Pro is an unbelievably powerful workstation that can handle even the most intensive graphics rendering.8 cores, standard.8-core processing was once reserved as a high-end option. Now it's at the heart of the Mac Pro line. This incredible power stems from all-new Quad-Core Intel Xeon &ldquo;Harpertown&rdquo; processors, featuring speeds up to 3.2GHz and 12MB of L2 cache per processor.Blazing fast, up to 2x performance.With its 8-core processing, advanced Xeon architecture, 1600MHz dual independent front-side buses, and 800MHz memory, the new Mac Pro delivers up to 2x greater application performance.2Up to 4TB storage, RAID, and SAS.The cable-free, direct-attach hard drive bays make it easy to install up to 4TB of storage with Serial ATA 3Gb/s drives. For enhanced data protection, the optional Mac Pro RAID card delivers hardware RAID levels 0, 1, 5, and 0+1. Used with this card, 15,000-rpm SAS drives bring added performance to RAID configurations.The new generation of graphics.All new, high-performance graphics cards from ATI and NVIDIA offer even greater performance for 3D and graphics- intensive applications. For more power, upgrade to a workstation-class card with up to 1.5GB of memory. All cards now support up to two 30-inch Apple Cinema HD displays.Technical Details Two 2.8 GHz quad-core Intel Xeon processors with dual-independent 1600 MHz front side buses 2 GB RAM expandable up to 32 GB, 320 GB hard drive, 16x Double-Layer SuperDrive ATI Radeon HD 2600 XT 256MB (Two dual-link DVI) Two FireWire 800 ports, two FireWire 400 ports, five USB 2.0 ports, and two USB 2.0 ports on keyboard Mac OS X v10.5 Leopard (includes Time Machine, Quick Look, Spaces, Spotlight, Dashboard, Mail, iChat, Safari, Address Book, QuickTime, iCal, DVD Player, Photo Booth, Front Row, Xcode Developer Tools), iLife '08 (includes iTunes, iPhoto, iMovie, iDVD, iWeb, and GarageBand) ",1,0.00,0.00,0.00,2799.00,0.00,1,,53.8000,0.0000,0.0000,0.0000,1,1,,0,0,0,13/01/2009,18/08/2010,"Category Name: Shop Mac, Category Path: Shop Mac","Product Image File: overview_hero__21040.jpg, Product Image URL: https://localhost/interspire554/product_images/sample_images/overview_hero__21040.jpg|Product Image File: overview_interior__26831.jpg, Product Image URL: https://localhost/interspire554/product_images/sample_images/overview_interior__26831.jpg|Product Image File: picture_1__48492.png, Product Image URL: https://localhost/interspire554/product_images/sample_images/picture_1__48492.png",,,,,New
29,P,n1100,"nokia 1100",nokia,"this is a best phone in world.. this is a best phone in world.. this is a best phone in world.. this is a best phone in world.. this is a best phone in world..",1,20.00,50.00,40.00,40.00,0.00,1,"life time warranty ",40.0000,12.0000,10.0000,1.0000,1,1,"shiping into only 10 hours",0,0,0,18/08/2010,21/09/2010,"Category Name: nokia phone, Category Path: nokia phone","Product Image File: NOKIA-1100_silver__89330.jpg, Product Image URL: https://localhost/interspire554/product_images/u/025/NOKIA-1100_silver__89330.jpg|Product Image File: nokia1100__79989.jpg, Product Image URL: https://localhost/interspire554/product_images/j/154/nokia1100__79989.jpg","Nokia 1100","nokia, nokia1100,best phone in world","nokia 1100 is best phone in world ","Variation Details: Color: Blue, Capacity: 16 GB (4,000 songs), SKU: , Price: 0.0000, Weight: 0.0000, Stock Level: 0, Low Stock Level: 0|Variation Details: Color: Blue, Capacity: 8 GB (2,000 songs), SKU: , Price: 0.0000, Weight: 0.0000, Stock Level: 0, Low Stock Level: 0|Variation Details: Color: Silver, Capacity: 8 GB (2,000 songs), SKU: , Price: 0.0000, Weight: 0.0000, Stock Level: 2, Low Stock Level: 0|Variation Details: Color: Silver, Capacity: 16 GB (4,000 songs), SKU: , Price: 0.0000, Weight: 0.0000, Stock Level: 0, Low Stock Level: 0|Variation Details: Color: Black, Capacity: 8 GB (2,000 songs), SKU: , Price: 0.0000, Weight: 0.0000, Stock Level: 0, Low Stock Level: 0|Variation Details: Color: Black, Capacity: 16 GB (4,000 songs), SKU: , Price: 0.0000, Weight: 0.0000, Stock Level: 0, Low Stock Level: 0|Variation Details: Color: Purple, Capacity: 8 GB (2,000 songs), SKU: , Price: 0.0000, Weight: 0.0000, Stock Level: 0, Low Stock Level: 0|Variation Details: Color: Purple, Capacity: 16 GB (4,000 songs), SKU: , Price: 0.0000, Weight: 0.0000, Stock Level: 0, Low Stock Level: 0|Variation Details: Color: Pink, Capacity: 16 GB (4,000 songs), SKU: , Price: 0.0000, Weight: 0.0000, Stock Level: 0, Low Stock Level: 0|Variation Details: Color: Pink, Capacity: 8 GB (2,000 songs), SKU: , Price: 0.0000, Weight: 0.0000, Stock Level: 0, Low Stock Level: 0|Variation Details: Color: Orange, Capacity: 16 GB (4,000 songs), SKU: , Price: 0.0000, Weight: 0.0000, Stock Level: 0, Low Stock Level: 0|Variation Details: Color: Orange, Capacity: 8 GB (2,000 songs), SKU: , Price: 0.0000, Weight: 0.0000, Stock Level: 0, Low Stock Level: 0|Variation Details: Color: Yellow, Capacity: 16 GB (4,000 songs), SKU: , Price: 0.0000, Weight: 0.0000, Stock Level: 0, Low Stock Level: 0|Variation Details: Color: Yellow, Capacity: 8 GB (2,000 songs), SKU: , Price: 0.0000, Weight: 0.0000, Stock Level: 0, Low Stock Level: 0|Variation Details: Color: Green, Capacity: 16 GB (4,000 songs), SKU: , Price: 0.0000, Weight: 0.0000, Stock Level: 0, Low Stock Level: 0|Variation Details: Color: Green, Capacity: 8 GB (2,000 songs), SKU: , Price: 0.0000, Weight: 0.0000, Stock Level: 0, Low Stock Level: 0",Used
32,P,n3315,"nokia 3315",,"this is testing for categories",1,20.00,100.00,80.00,80.00,0.00,1,,100.0000,12.0000,10.0000,2.0000,1,1,,0,0,0,19/08/2010,31/08/2010,"Category Name: nokia phone, Category Path: nokia phone|Category Name: nokia 3315, Category Path: nokia phone/nokia 3315","Product Image File: nokia-3315__67436.jpg, Product Image URL: https://localhost/interspire554/product_images/n/244/nokia-3315__67436.jpg",,,,"Variation Details: , SKU: , Price: 0.0000, Weight: 0.0000, Stock Level: 0, Low Stock Level: 0|Variation Details: , SKU: , Price: 0.0000, Weight: 0.0000, Stock Level: 0, Low Stock Level: 0|Variation Details: , SKU: , Price: 0.0000, Weight: 0.0000, Stock Level: 0, Low Stock Level: 0|Variation Details: , SKU: , Price: 0.0000, Weight: 0.0000, Stock Level: 0, Low Stock Level: 0|Variation Details: , SKU: , Price: 0.0000, Weight: 0.0000, Stock Level: 0, Low Stock Level: 0|Variation Details: , SKU: , Price: 0.0000, Weight: 0.0000, Stock Level: 0, Low Stock Level: 0|Variation Details: , SKU: , Price: 0.0000, Weight: 0.0000, Stock Level: 0, Low Stock Level: 0|Variation Details: , SKU: , Price: 0.0000, Weight: 0.0000, Stock Level: 0, Low Stock Level: 0|Variation Details: , SKU: , Price: 0.0000, Weight: 0.0000, Stock Level: 0, Low Stock Level: 0|Variation Details: , SKU: , Price: 0.0000, Weight: 0.0000, Stock Level: 0, Low Stock Level: 0|Variation Details: , SKU: , Price: 0.0000, Weight: 0.0000, Stock Level: 0, Low Stock Level: 0|Variation Details: , SKU: , Price: 0.0000, Weight: 0.0000, Stock Level: 0, Low Stock Level: 0|Variation Details: , SKU: , Price: 0.0000, Weight: 0.0000, Stock Level: 0, Low Stock Level: 0|Variation Details: , SKU: , Price: 0.0000, Weight: 0.0000, Stock Level: 0, Low Stock Level: 0|Variation Details: , SKU: , Price: 0.0000, Weight: 0.0000, Stock Level: 0, Low Stock Level: 0|Variation Details: , SKU: , Price: 0.0000, Weight: 0.0000, Stock Level: 0, Low Stock Level: 0|Variation Details: , SKU: , Price: 0.0000, Weight: 0.0000, Stock Level: 0, Low Stock Level: 0|Variation Details: , SKU: , Price: 0.0000, Weight: 0.0000, Stock Level: 0, Low Stock Level: 0|Variation Details: , SKU: , Price: 0.0000, Weight: 0.0000, Stock Level: 0, Low Stock Level: 0|Variation Details: , SKU: , Price: 0.0000, Weight: 0.0000, Stock Level: 0, Low Stock Level: 0|Variation Details: , SKU: , Price: 0.0000, Weight: 0.0000, Stock Level: 0, Low Stock Level: 0|Variation Details: , SKU: , Price: 0.0000, Weight: 0.0000, Stock Level: 0, Low Stock Level: 0|Variation Details: , SKU: , Price: 0.0000, Weight: 0.0000, Stock Level: 0, Low Stock Level: 0|Variation Details: , SKU: , Price: 0.0000, Weight: 0.0000, Stock Level: 0, Low Stock Level: 0|Variation Details: , SKU: , Price: 0.0000, Weight: 0.0000, Stock Level: 0, Low Stock Level: 0|Variation Details: , SKU: , Price: 0.0000, Weight: 0.0000, Stock Level: 0, Low Stock Level: 0|Variation Details: , SKU: , Price: 0.0000, Weight: 0.0000, Stock Level: 0, Low Stock Level: 0|Variation Details: , SKU: , Price: 0.0000, Weight: 0.0000, Stock Level: 0, Low Stock Level: 0|Variation Details: , SKU: , Price: 0.0000, Weight: 0.0000, Stock Level: 0, Low Stock Level: 0|Variation Details: , SKU: , Price: 0.0000, Weight: 0.0000, Stock Level: 0, Low Stock Level: 0|Variation Details: , SKU: , Price: 0.0000, Weight: 0.0000, Stock Level: 0, Low Stock Level: 0|Variation Details: , SKU: , Price: 0.0000, Weight: 0.0000, Stock Level: 0, Low Stock Level: 0|Variation Details: , SKU: , Price: 0.0000, Weight: 0.0000, Stock Level: 0, Low Stock Level: 0|Variation Details: , SKU: , Price: 0.0000, Weight: 0.0000, Stock Level: 0, Low Stock Level: 0|Variation Details: , SKU: , Price: 0.0000, Weight: 0.0000, Stock Level: 0, Low Stock Level: 0|Variation Details: , SKU: , Price: 0.0000, Weight: 0.0000, Stock Level: 0, Low Stock Level: 0|Variation Details: , SKU: , Price: 0.0000, Weight: 0.0000, Stock Level: 0, Low Stock Level: 0|Variation Details: , SKU: , Price: 0.0000, Weight: 0.0000, Stock Level: 0, Low Stock Level: 0|Variation Details: , SKU: , Price: 0.0000, Weight: 0.0000, Stock Level: 0, Low Stock Level: 0|Variation Details: , SKU: , Price: 0.0000, Weight: 0.0000, Stock Level: 0, Low Stock Level: 0|Variation Details: , SKU: , Price: 0.0000, Weight: 0.0000, Stock Level: 0, Low Stock Level: 0|Variation Details: , SKU: , Price: 0.0000, Weight: 0.0000, Stock Level: 0, Low Stock Level: 0|Variation Details: , SKU: , Price: 0.0000, Weight: 0.0000, Stock Level: 0, Low Stock Level: 0|Variation Details: , SKU: , Price: 0.0000, Weight: 0.0000, Stock Level: 0, Low Stock Level: 0|Variation Details: , SKU: , Price: 0.0000, Weight: 0.0000, Stock Level: 0, Low Stock Level: 0|Variation Details: , SKU: , Price: 0.0000, Weight: 0.0000, Stock Level: 0, Low Stock Level: 0|Variation Details: , SKU: , Price: 0.0000, Weight: 0.0000, Stock Level: 0, Low Stock Level: 0|Variation Details: , SKU: , Price: 0.0000, Weight: 0.0000, Stock Level: 0, Low Stock Level: 0|Variation Details: , SKU: , Price: 0.0000, Weight: 0.0000, Stock Level: 0, Low Stock Level: 0|Variation Details: , SKU: , Price: 0.0000, Weight: 0.0000, Stock Level: 0, Low Stock Level: 0|Variation Details: , SKU: , Price: 0.0000, Weight: 0.0000, Stock Level: 0, Low Stock Level: 0|Variation Details: , SKU: , Price: 0.0000, Weight: 0.0000, Stock Level: 0, Low Stock Level: 0|Variation Details: , SKU: , Price: 0.0000, Weight: 0.0000, Stock Level: 0, Low Stock Level: 0|Variation Details: , SKU: , Price: 0.0000, Weight: 0.0000, Stock Level: 0, Low Stock Level: 0|Variation Details: , SKU: , Price: 0.0000, Weight: 0.0000, Stock Level: 0, Low Stock Level: 0|Variation Details: , SKU: , Price: 0.0000, Weight: 0.0000, Stock Level: 0, Low Stock Level: 0|Variation Details: , SKU: , Price: 0.0000, Weight: 0.0000, Stock Level: 0, Low Stock Level: 0|Variation Details: , SKU: , Price: 0.0000, Weight: 0.0000, Stock Level: 0, Low Stock Level: 0|Variation Details: , SKU: , Price: 0.0000, Weight: 0.0000, Stock Level: 0, Low Stock Level: 0|Variation Details: , SKU: , Price: 0.0000, Weight: 0.0000, Stock Level: 0, Low Stock Level: 0|Variation Details: , SKU: , Price: 0.0000, Weight: 0.0000, Stock Level: 0, Low Stock Level: 0|Variation Details: , SKU: , Price: 0.0000, Weight: 0.0000, Stock Level: 0, Low Stock Level: 0|Variation Details: , SKU: , Price: 0.0000, Weight: 0.0000, Stock Level: 0, Low Stock Level: 0|Variation Details: , SKU: , Price: 0.0000, Weight: 0.0000, Stock Level: 0, Low Stock Level: 0|Variation Details: , SKU: , Price: 0.0000, Weight: 0.0000, Stock Level: 0, Low Stock Level: 0|Variation Details: , SKU: , Price: 0.0000, Weight: 0.0000, Stock Level: 0, Low Stock Level: 0|Variation Details: , SKU: , Price: 0.0000, Weight: 0.0000, Stock Level: 0, Low Stock Level: 0|Variation Details: , SKU: , Price: 0.0000, Weight: 0.0000, Stock Level: 0, Low Stock Level: 0|Variation Details: , SKU: , Price: 0.0000, Weight: 0.0000, Stock Level: 0, Low Stock Level: 0|Variation Details: , SKU: , Price: 0.0000, Weight: 0.0000, Stock Level: 0, Low Stock Level: 0|Variation Details: , SKU: , Price: 0.0000, Weight: 0.0000, Stock Level: 0, Low Stock Level: 0|Variation Details: , SKU: , Price: 0.0000, Weight: 0.0000, Stock Level: 0, Low Stock Level: 0|Variation Details: , SKU: , Price: 0.0000, Weight: 0.0000, Stock Level: 0, Low Stock Level: 0|Variation Details: , SKU: , Price: 0.0000, Weight: 0.0000, Stock Level: 0, Low Stock Level: 0|Variation Details: , SKU: , Price: 0.0000, Weight: 0.0000, Stock Level: 0, Low Stock Level: 0|Variation Details: , SKU: , Price: 0.0000, Weight: 0.0000, Stock Level: 0, Low Stock Level: 0|Variation Details: , SKU: , Price: 0.0000, Weight: 0.0000, Stock Level: 0, Low Stock Level: 0|Variation Details: , SKU: , Price: 0.0000, Weight: 0.0000, Stock Level: 0, Low Stock Level: 0|Variation Details: , SKU: , Price: 0.0000, Weight: 0.0000, Stock Level: 0, Low Stock Level: 0|Variation Details: , SKU: , Price: 0.0000, Weight: 0.0000, Stock Level: 0, Low Stock Level: 0|Variation Details: , SKU: , Price: 0.0000, Weight: 0.0000, Stock Level: 0, Low Stock Level: 0|Variation Details: , SKU: , Price: 0.0000, Weight: 0.0000, Stock Level: 0, Low Stock Level: 0|Variation Details: , SKU: , Price: 0.0000, Weight: 0.0000, Stock Level: 0, Low Stock Level: 0|Variation Details: , SKU: , Price: 0.0000, Weight: 0.0000, Stock Level: 0, Low Stock Level: 0|Variation Details: , SKU: , Price: 0.0000, Weight: 0.0000, Stock Level: 0, Low Stock Level: 0|Variation Details: , SKU: , Price: 0.0000, Weight: 0.0000, Stock Level: 0, Low Stock Level: 0|Variation Details: , SKU: , Price: 0.0000, Weight: 0.0000, Stock Level: 0, Low Stock Level: 0|Variation Details: , SKU: , Price: 0.0000, Weight: 0.0000, Stock Level: 0, Low Stock Level: 0|Variation Details: , SKU: , Price: 0.0000, Weight: 0.0000, Stock Level: 0, Low Stock Level: 0|Variation Details: , SKU: , Price: 0.0000, Weight: 0.0000, Stock Level: 0, Low Stock Level: 0|Variation Details: , SKU: , Price: 0.0000, Weight: 0.0000, Stock Level: 0, Low Stock Level: 0|Variation Details: , SKU: , Price: 0.0000, Weight: 0.0000, Stock Level: 0, Low Stock Level: 0|Variation Details: , SKU: , Price: 0.0000, Weight: 0.0000, Stock Level: 0, Low Stock Level: 0|Variation Details: , SKU: , Price: 0.0000, Weight: 0.0000, Stock Level: 0, Low Stock Level: 0|Variation Details: , SKU: , Price: 0.0000, Weight: 0.0000, Stock Level: 0, Low Stock Level: 0|Variation Details: , SKU: , Price: 0.0000, Weight: 0.0000, Stock Level: 0, Low Stock Level: 0|Variation Details: , SKU: , Price: 0.0000, Weight: 0.0000, Stock Level: 0, Low Stock Level: 0|Variation Details: , SKU: , Price: 0.0000, Weight: 0.0000, Stock Level: 0, Low Stock Level: 0|Variation Details: , SKU: , Price: 0.0000, Weight: 0.0000, Stock Level: 0, Low Stock Level: 0|Variation Details: , SKU: , Price: 0.0000, Weight: 0.0000, Stock Level: 0, Low Stock Level: 0|Variation Details: , SKU: , Price: 0.0000, Weight: 0.0000, Stock Level: 0, Low Stock Level: 0|Variation Details: , SKU: , Price: 0.0000, Weight: 0.0000, Stock Level: 0, Low Stock Level: 0|Variation Details: , SKU: , Price: 0.0000, Weight: 0.0000, Stock Level: 0, Low Stock Level: 0|Variation Details: , SKU: , Price: 0.0000, Weight: 0.0000, Stock Level: 0, Low Stock Level: 0|Variation Details: , SKU: , Price: 0.0000, Weight: 0.0000, Stock Level: 0, Low Stock Level: 0|Variation Details: , SKU: , Price: 0.0000, Weight: 0.0000, Stock Level: 0, Low Stock Level: 0|Variation Details: , SKU: , Price: 0.0000, Weight: 0.0000, Stock Level: 0, Low Stock Level: 0|Variation Details: , SKU: , Price: 0.0000, Weight: 0.0000, Stock Level: 0, Low Stock Level: 0|Variation Details: , SKU: , Price: 0.0000, Weight: 0.0000, Stock Level: 0, Low Stock Level: 0|Variation Details: , SKU: , Price: 0.0000, Weight: 0.0000, Stock Level: 0, Low Stock Level: 0|Variation Details: , SKU: , Price: 0.0000, Weight: 0.0000, Stock Level: 0, Low Stock Level: 0|Variation Details: , SKU: , Price: 0.0000, Weight: 0.0000, Stock Level: 0, Low Stock Level: 0|Variation Details: , SKU: , Price: 0.0000, Weight: 0.0000, Stock Level: 0, Low Stock Level: 0|Variation Details: , SKU: , Price: 0.0000, Weight: 0.0000, Stock Level: 0, Low Stock Level: 0|Variation Details: , SKU: , Price: 0.0000, Weight: 0.0000, Stock Level: 0, Low Stock Level: 0|Variation Details: , SKU: , Price: 0.0000, Weight: 0.0000, Stock Level: 0, Low Stock Level: 0|Variation Details: , SKU: , Price: 0.0000, Weight: 0.0000, Stock Level: 0, Low Stock Level: 0|Variation Details: , SKU: , Price: 0.0000, Weight: 0.0000, Stock Level: 0, Low Stock Level: 0|Variation Details: , SKU: , Price: 0.0000, Weight: 0.0000, Stock Level: 0, Low Stock Level: 0|Variation Details: , SKU: , Price: 0.0000, Weight: 0.0000, Stock Level: 0, Low Stock Level: 0|Variation Details: , SKU: , Price: 0.0000, Weight: 0.0000, Stock Level: 0, Low Stock Level: 0|Variation Details: , SKU: , Price: 0.0000, Weight: 0.0000, Stock Level: 0, Low Stock Level: 0|Variation Details: , SKU: , Price: 0.0000, Weight: 0.0000, Stock Level: 0, Low Stock Level: 0|Variation Details: , SKU: , Price: 0.0000, Weight: 0.0000, Stock Level: 0, Low Stock Level: 0|Variation Details: , SKU: , Price: 0.0000, Weight: 0.0000, Stock Level: 0, Low Stock Level: 0|Variation Details: , SKU: , Price: 0.0000, Weight: 0.0000, Stock Level: 0, Low Stock Level: 0|Variation Details: , SKU: , Price: 0.0000, Weight: 0.0000, Stock Level: 0, Low Stock Level: 0|Variation Details: , SKU: , Price: 0.0000, Weight: 0.0000, Stock Level: 0, Low Stock Level: 0|Variation Details: , SKU: , Price: 0.0000, Weight: 0.0000, Stock Level: 0, Low Stock Level: 0|Variation Details: , SKU: , Price: 0.0000, Weight: 0.0000, Stock Level: 0, Low Stock Level: 0|Variation Details: , SKU: , Price: 0.0000, Weight: 0.0000, Stock Level: 0, Low Stock Level: 0|Variation Details: , SKU: , Price: 0.0000, Weight: 0.0000, Stock Level: 0, Low Stock Level: 0|Variation Details: , SKU: , Price: 0.0000, Weight: 0.0000, Stock Level: 0, Low Stock Level: 0|Variation Details: , SKU: , Price: 0.0000, Weight: 0.0000, Stock Level: 0, Low Stock Level: 0|Variation Details: , SKU: , Price: 0.0000, Weight: 0.0000, Stock Level: 0, Low Stock Level: 0|Variation Details: , SKU: , Price: 0.0000, Weight: 0.0000, Stock Level: 0, Low Stock Level: 0|Variation Details: , SKU: , Price: 0.0000, Weight: 0.0000, Stock Level: 0, Low Stock Level: 0|Variation Details: , SKU: , Price: 0.0000, Weight: 0.0000, Stock Level: 0, Low Stock Level: 0|Variation Details: , SKU: , Price: 0.0000, Weight: 0.0000, Stock Level: 0, Low Stock Level: 0|Variation Details: , SKU: , Price: 0.0000, Weight: 0.0000, Stock Level: 0, Low Stock Level: 0|Variation Details: , SKU: , Price: 0.0000, Weight: 0.0000, Stock Level: 0, Low Stock Level: 0|Variation Details: , SKU: , Price: 0.0000, Weight: 0.0000, Stock Level: 0, Low Stock Level: 0|Variation Details: , SKU: , Price: 0.0000, Weight: 0.0000, Stock Level: 0, Low Stock Level: 0|Variation Details: , SKU: , Price: 0.0000, Weight: 0.0000, Stock Level: 0, Low Stock Level: 0",New
33,P,m1,"IBM Mouse",,"this is bhavik product",1,0.00,0.00,0.00,32.00,0.00,0,,11.0000,0.0000,0.0000,0.0000,1,1,,0,0,0,02/09/2010,25/07/2011,"Category Name: Accessories, Category Path: Shop iPhone/Accessories","Product Image File: mouse_scroll__35498.jpg, Product Image URL: https://localhost/interspire554/product_images/k/182/mouse_scroll__35498.jpg",,,,,New
34,P,tesi,"image test",,"Type a description for this product here...",1,0.00,0.00,0.00,11.00,0.00,0,,111.0000,0.0000,0.0000,0.0000,1,1,,0,0,0,02/08/2011,02/08/2011,"Category Name: Shop iPhone, Category Path: Shop iPhone",,,,,,New
38,P,,testcsv,Apple,"The world&#8217;s smallest digital music player, the 1GB iPod shuffle lets you wear up to 500 songs on your sleeve. Or your lapel. Or your belt. Clip on iPod shuffle and wear it as a badge of musical devotion.Instant attachment.Clip on the world&#8217;s most wearable music player and take up to 500 songs with you anywhere. Choose from two capacities and five colors &#8212; including four new hues &#8212; to make your musical fashion statement.Random meets rhythm.Mix up your music with a flip of the shuffle switch. Flip it again to play your handpicked playlists and albums in the order you synced them with iTunes.Everything is easy.Charge and sync with the included USB dock. Operate the iPod shuffle controls with one hand. Enjoy up to 12 hours straight of skip-free music playback.Technical DetailsStore up to 500 songsStores data via USB flash driveSkip-free audio playbackUp to 12 hours playtime when fully chargedCharging via included USB dockAutofill from your entire music library for a fresh mix via iTunes software (via download)Autofill from specific playlists via iTunes softwarePlay MP3, AAC and audiobooksThumb-friendly, circular control padClick the center button to play and pause. Click the outer buttons to move back, skip forward, and adjust volumeBuilt-in clip for your sleeve, your lapel, your coin pocket, your backpackFlip the shuffle switch to mix up iPod shuffle's contents",1,0.00,0.00,0.00,0.00,0.00,0,,0.0300,1.6200,1.0700,0.4100,1,1,,1,0,0,04/08/2011,04/08/2011,"Category Name: Category Name: Shop iPod, Category Path: Shop iPod, Category Path: Category Name: Shop iPod, Category Path: Shop iPod",,,,,,New
39,D,Code,Name,Brand,Description,0,0.00,0.00,0.00,0.00,0.00,0,Warranty,0.0000,0.0000,0.0000,0.0000,1,1,"Taxable Product",1,0,0,05/08/2011,05/08/2011,"Category Name: Code, Category Path: Code",,"Page Title","META Description","Product Variations",,New
